,movie_name,wiki_link
486,,https://en.wikipedia.org/wiki/List_of_films:_A#Anne_Frank_Parallel_Stories
2807,,https://en.wikipedia.org/wiki/List_of_films:_B#Beings
3067,,https://en.wikipedia.org/wiki/List_of_films:_B#BlackSkin
6428,,https://en.wikipedia.org/wiki/List_of_films:_C#CoEdConfessions
9146,,https://en.wikipedia.org/wiki/List_of_films:_D#DoYouThinkIAmSexy
11407,,https://en.wikipedia.org/wiki/List_of_films:_E#Enough
11516,,https://en.wikipedia.org/wiki/List_of_films:_E#Ewankosau_saranghaeyo
12536,,https://en.wikipedia.org/wiki/List_of_films:_F#FamilyMan
12591,,https://en.wikipedia.org/wiki/List_of_films:_F#Fashionvictim
12641,,https://en.wikipedia.org/wiki/List_of_films:_F#FBF
12843,,https://en.wikipedia.org/wiki/List_of_films:_F#FollowFriday
12845,,https://en.wikipedia.org/wiki/List_of_films:_F#Followme
12846,,https://en.wikipedia.org/wiki/List_of_films:_F#Followme_II
13058,,https://en.wikipedia.org/wiki/List_of_films:_F#FullMethod
16010,,https://en.wikipedia.org/wiki/List_of_films:_H#HandoZenryoku
16080,,https://en.wikipedia.org/wiki/List_of_films:_H#Happy420
20034,,https://en.wikipedia.org/wiki/List_of_films:_J%E2%80%93K#Jestem_M._Misfit
20035,,https://en.wikipedia.org/wiki/List_of_films:_J%E2%80%93K#JeSuis
24689,,https://en.wikipedia.org/wiki/List_of_films:_J%E2%80%93K#Jestem_M._Misfit
24690,,https://en.wikipedia.org/wiki/List_of_films:_J%E2%80%93K#JeSuis
55920,,https://en.wikipedia.org/wiki/List_of_films:_S#StopOnYou
86530,,https://en.wikipedia.org/wiki/List_of_films:_numbers#1_Serial_Killer
86544,,https://en.wikipedia.org/wiki/List_of_films:_numbers#1915House
86585,,https://en.wikipedia.org/wiki/List_of_films:_numbers#1_Serial_Killer
86621,,https://en.wikipedia.org/wiki/List_of_films:_numbers#1915House
86925,,https://en.wikipedia.org/wiki/List_of_films:_numbers#50Fathers
86940,,https://en.wikipedia.org/wiki/List_of_films:_numbers#66
86942,,https://en.wikipedia.org/wiki/List_of_films:_numbers#69_Samskar_Colony
87228,,https://en.wikipedia.org/wiki/List_of_films:_numbers#50Fathers
87238,,https://en.wikipedia.org/wiki/List_of_films:_numbers#66
87241,,https://en.wikipedia.org/wiki/List_of_films:_numbers#69_Samskar_Colony
87810,,https://en.wikipedia.org/wiki/List_of_films:_A#Anne_Frank_Parallel_Stories
